problem_id,prompt_type,prompt
apery-irrationality,full_problem,"The goal of this problem is to prove the irrationality of a particular real number in a specific way.

Let k be an integer with 1 ≤ k ≤ 25, and let P_0(x), ..., P_k(x) be polynomials with integer coefficients, each of degree at most 25, where P_k(n) ≠ 0 for n ≥ k. Let α = (α_0, ..., α_{k-1}) and β = (β_0, ..., β_{k-1}) be tuples of integers.

Let (a_n) and (b_n) denote the sequences defined by the recurrence P_k(n)*u_n = P_{k-1}(n)*u_{n-1} + ... + P_0(n)*u_{n-k} for n ≥ k, when initialized with α and β respectively.

Let L_n denote lcm(1,2,...,n) and let B_n = (L_n)^m*b_n, where m is a fixed positive integer.

Let X be a real number. It is known that if the following hold, then X is irrational.

1. a_n is an integer for all n ≥ 0.

2. B_n is an integer for all n ≥ 0.

3. X ≠ b_n / a_n for all n ≥ 0.

4. |b_n - a_n*X| ≤ C*ρ^n*e^{-mn} for all n ≥ 0, where C and ρ are positive real numbers and ρ < 1.

Your task is to find P_i, α, β, and m that establish the irrationality of ___ in this way.

Your answer is verified numerically, as follows. Conditions 1-4 are checked for all 0 ≤ n < 650, with condition 4 checked using the fixed values C = 100 and ρ = 0.95. An answer that satisfies condition 4 only with a larger C or ρ is rejected; in particular, note that scaling α and β by a common factor scales C by that factor. In addition, every integer in the submission — each polynomial coefficient and each entry of α and β — may have at most 100 decimal digits. Conditions 1 and 2 are checked exactly, but condition 4 is checked in floating point against a value of X carrying 6000 decimal digits. This bounds how sharply the linear form may converge: if |b_n - a_n*X| falls below (|a_n| + |b_n|)*10^-5990 at some tested n, the computed value cannot be distinguished from zero and the answer is rejected. For a typical certificate, where |b_n - a_n*X| is of order 1/a_n, this accommodates m up to about 10. m > 21 is rejected immediately, since no certificate with this m could be checked given this precision."
arithmetic-kakeya,full_problem,"\section{Introduction}

A Kakeya set in $\mathbb{R}^d$ is a bounded set which contains a unit line segment in every direction. While such sets can have measure zero, the Kakeya conjecture posits that they always have the maximal possible (Minkowski and Hausdorff) dimension $d$. The arithmetic Kakeya conjecture was implicitly formulated by Katz and Tao, as a statement strong enough to imply (a form of) the Kakeya conjecture, but which can be formulated as a purely additive combinatorics statement.

One way to state the arithmetic Kakeya problem is the following: we say that $\mathrm{AK}(\alpha)$ holds if for any $\epsilon>0$ there exists a finite set $X\subset \mathbb{Z}^2$ such that $r_1+r_2\neq 0$ for all $\mathbf{x}\in X$, and for all finite $G\subset \mathbb{Z}^2$,
\[\lvert(1,-1)\cdot G\rvert\ll_\epsilon \max_{\mathbf{x}\in X} \lvert\mathbf{x}\cdot G\rvert^{\alpha+\epsilon},\]
where we write
\[\mathbf{x}\cdot G = \{ x_1g_1+x_2g_2 : (g_1,g_2)\in G\}.\]
Note that we are not interested in the size or nature of $X$ itself -- for the applications to the Kakeya conjecture itself, all that matters is the exponent $\alpha$.

It is trivial that $\mathrm{AK}(2)$ holds (for example by taking $X$ to be any two linearly independent vectors in $\mathbb{Z}^2$, as then $(1,-1)$ can be expressed as a linear combination of these two). The arithmetic Kakeya conjecture itself is the following.
\begin{conjecture}[Arithmetic Kakeya conjecture]
$\mathrm{AK}(1)$ holds.
\end{conjecture}

The relation to the Kakeya problem is the following.
\begin{theorem}
If $\mathrm{AK}(\alpha)$ holds then, for all $d\geq 2$, if $E\subseteq \mathbb{R}^d$ is a Kakeya set (a bounded set containing a unit line segment in every direction) then the Hausdorff dimension of $E$ is at least
\[\alpha^{-1}d+1-\alpha^{-1}.\]
\end{theorem}
This was implicitly established by Bourgain using the `method of slices', although Bourgain only established this for the Minkowski dimension. The stronger statement that this same bound holds for the Hausdorff dimension is a consequence of combining Bourgain's argument  with recent progress on Szemer\'{e}di's theorem by Leng, Sah, and Sawhney.

\section{Intuitive Set-up}
We will first explicitly define the kind of structure that is required, and what the `score' of such a structure (i.e. what value of $\alpha$ a structure would prove $\mathrm{AK}(\alpha)$ for). In this section we have presented things to be intuitive for the reader; an equivalent, but more opaque, version which is more suitable for verification is given in the second problem statement.

We first define a collection of constructible configurations iteratively.
\begin{definition}
Let $X\subset \mathbb{Z}^2$. An $X$-constructible graph is a (simple undirected) finite graph, in which each edge is labelled with some $\mathbf{v}\in \mathbb{Z}^2$, defined in the following iterative fashion.
\begin{enumerate}
\item A single vertex is constructible.
\item If $H$ is constructible then, for any integer $k\geq 1$, if $X_1,\ldots,X_k$ are sets of vertices of $H$, then the following graph is constructible: take $k+1$ disjoint copies of $H$ and then, for each $1\leq i\leq k$ and $x\in X_i$, either identify the vertices corresponding to $x$ in both $H_{i-1}$ and $H_i$, or put an edge between them labelled with some $\mathbf{v}\in X$.
\end{enumerate}
\end{definition}

We write $\mathbf{x}g$ for the matrix which is zero everywhere except in the column corresponding to $g$, in which it is the column vector $\mathbf{x}\in \mathbb{Z}^2$.

\begin{definition}
Let $G$ be a finite graph with vertex set $V$, such that each edge is labelled with some $\mathbf{x}\in \mathbb{Z}^2$. An $X$-\emph{forcing pair} for $G$ is a pair of sets $(R,T)$ with $T\subseteq V$ and $R$ a finite collection $2\times \left\lvert V\right\rvert$ integer matrices, with columns indexed by $g\in V$, such that
\[R\subseteq \{ \mathbf{x}g: \mathbf{x}\in X\textrm{ and }g\in V\}\]
such that a finite sequence of the following operations on $(R,T)$ eventually produces $T=V$:
\begin{enumerate}
\item If $g_1\sim g_2$ is an edge of $G$ labelled $\mathbf{v}$ then add $\mathbf{v}g_1-\mathbf{v}g_2$ to $R$.
\item If $(1,-1)g\in R$ then add $g$ to $T$.
\item Any $\mathbb{Z}$-linear combination of matrices in $R$ can be added to $R$.
\end{enumerate}

\end{definition}

\begin{definition}
Let $X\subset \mathbb{Z}^2\backslash \langle (1,-1)\rangle$ be a finite set. A constructible proof of
\[\alpha(X)\leq \frac{m+r}{n-t}\]
is an $X$-constructible graph $G$ with vertex set $V$, with $n$ vertices and $m$ edges, for which there is a forcing pair $(R,T)$ with $\left\lvert R\right\rvert=r$ and $\left\lvert T\right\rvert=t$, where $T\subseteq V$ and
\[R\subseteq \{ \mathbf{x}g : \mathbf{x}\in X\textrm{ and }g\in V\}.\]
\end{definition}

\section{Verifiable Set-up}

In this reformulation we write $d_1\times\cdots \times d_k$ for the set of lists of integers $[e_1,\ldots,e_k]$ such that $1\leq e_i\leq d_i$ for all $1\leq i\leq k$. If $X\subset \mathbb{Z}^2$ is a finite set then an $X$-constructible graph $G$ is a list of non-negative integers $d_1,...,d_k$ together with a list of functions\footnote{The function $f_i$ represents the fact that when constructing the glued graph at stage $i$ we connect the vertices corresponding to $(e_1,\ldots,e_i)$ and $(e_1,\ldots,e_i+1)$ with an edge labelled $f_i(e_1,\ldots,e_i)$.}
\[f_i: d_1\times \cdots \times d_{i-1}\times (d_i-1)\to X\]
for $1\leq i\leq k$. Let $n(G)=d_1\cdots d_k$ and
\[m(G)=\sum_{1\leq i\leq k}\sum_{\mathbf{e}}1_{f_i(\mathbf{e})\neq (0,0)}d_{i+1}\cdots d_k.\]
An $X$-set for $G$ is a pair $(R,T)$ where $T$ is a (possibly empty) list of vertices $\mathbf{e}\in d_1\times \cdots \times d_k$ and $R$ is a list of functions $d_1\times \cdots\times d_k \to X$ such that
\[\#\{ \mathbf{e}\in d_1\times \cdots\times d_k : f(\mathbf{e})\neq (0,0)\}=1\]
for all $f\in R$.

An $X$-set for $G$ is forcing if a finite number of the following operations on $(R,T)$ results in $T=d_1\times \cdots \times d_k$:
\begin{enumerate}
\item If $f_i(a_1,\ldots,a_{i})=x$ and
\[\mathbf{e}_1=(a_1,\ldots,a_{i-1},a_i,c_{i+1},\ldots,c_k)\quad\textrm{and}\quad \mathbf{e}_2=(a_1,\ldots,a_{i-1},a_i+1,c_{i+1},\ldots,c_k)\]
for some $c_{i+1},\ldots,c_k$ -- that is, $\mathbf{e}_1$ and $\mathbf{e}_2$ have the prefixes $a_1,\ldots,a_i$ and $a_1,\ldots,a_i+1$ respectively and \emph{agree in every coordinate after the $i$th} -- then add the function which takes $\mathbf{e}_1\mapsto x$ and $\mathbf{e}_2\mapsto -x$ and $\mathbf{g}\mapsto (0,0)$ for every $\mathbf{g}\neq \mathbf{e}_1,\mathbf{e}_2$ to $R$.
\item If there exists $a\neq 0$ and $\mathbf{e}$ such that $f(\mathbf{e})=(a,-a)$ and $f(\mathbf{f})=(0,0)$ for every $\mathbf{f}\not\in T\cup \{\mathbf{e}\}$ then add $\mathbf{e}$ to $T$.
\item If $f,g\in R$ then $f-g$ can be added to $R$.
\end{enumerate}

Given an $X$-constructible graph $G$ with a forcing pair $(R,T)$ its score is
\[S(X,G,R,T)=\frac{m(G)+\left\lvert R\right\rvert}{n(G)-\left\lvert T\right\rvert}.\]

\section{Problem}

Find a finite set $X\subset \mathbb{Z}^2$ such that $(0,0)\in X$ and if $(a,b)\in X\backslash \{(0,0)\}$ then $a+b\neq 0$ and an $X$-constructible graph $G$ with a forcing pair $(R,T)$ with score \leq 1.675.

Return this as a multi-line string. In the first line list the score (as a fraction) together with the parameters $m(G),\left\lvert R\right\rvert,n(G),\left\lvert T\right\rvert$. (This is not used by the verifier code, but is helpful for humans.) In the second line list the elements in $X$ as a list of pairs of integers. In the third line list the integers $d_1,\ldots,d_k$. In the fourth line list the functions $f_1,\ldots,f_k$ that make up $G$, each represented as a dictionary from $d_1\times\cdots \times (d_i-1)\to X$. These can be partial functions: omitted entries are assumed to be assigned $(0,0)$. In the fifth line list the elements of $T$. In the sixth line list the elements of $R$, each of which is a dictionary assigning an element of $X$ to some vertex of $G$."
baillie-psw,full_problem,"The Baillie-PSW primality test combines two probable-prime tests and declares an odd
integer n > 1 to be prime when it passes both. No composite integer is known to pass the Baillie-PSW test, and it has been verified that none exists below 2^64; whether any composite passes the
Baillie-PSW test is a long-standing open problem. Such a composite is called a Baillie-PSW
pseudoprime.

The two component tests are defined as follows.

Strong Fermat pseudoprime to base 2.
  Write n = d * 2^s + 1 with d odd. We say n is a strong Fermat
  pseudoprime to base 2 if either
      2^d ≡ 1 (mod n),   or
      2^(d * 2^r) ≡ -1 (mod n)  for some integer r with 0 ≤ r < s.
  (This is the strong, or Miller-Rabin, probable-prime test to base 2. See OEIS A001262.)

Strong Lucas pseudoprime (Selfridge Method A).
  Set P = 1. Let D be the first element of the sequence 5, -7, 9, -11, 13, ... (absolute value
  increasing by 2, sign alternating) such that the Jacobi symbol (D / n) equals -1, and set
  Q = (1 - D) / 4. Define the Lucas sequences U_k and V_k by
      U_0 = 0, U_1 = 1,  U_k = P*U_{k-1} - Q*U_{k-2},
      V_0 = 2, V_1 = P,  V_k = P*V_{k-1} - Q*V_{k-2}.
  Write n + 1 = e * 2^t with e odd. We say n is a strong Lucas pseudoprime if either
      U_e ≡ 0 (mod n),   or
      V_(e * 2^r) ≡ 0 (mod n)  for some integer r with 0 ≤ r < t.
  (See OEIS A217255.)

An odd composite n passes the Baillie-PSW test if it is BOTH a strong Fermat pseudoprime to
base 2 AND a strong Lucas pseudoprime.

Your task: find an odd composite integer n that passes the Baillie-PSW test.

Solution format:
* Write your answer to a JSON file and submit its path.
* The JSON must be an object with these integer keys:
  - ""factor1"", ""factor2"": two integers, each greater than 1. The candidate is their product
    n = factor1 * factor2; these factors certify that n is composite (they need not be prime).
    There is no bound on the size of the factors; arbitrary-precision arithmetic is used.

The verifier forms n = factor1 * factor2 with both factors > 1 (so n is a certified odd
composite), and then runs both component tests on n. Your submission is accepted if and only if
n is a certified odd composite that passes both tests.

Example submission (illustrating the format only — this n does not pass the test):
{
  ""factor1"": 23,
  ""factor2"": 89
}"
chowla-cosine,full_problem,"For a finite set A of positive integers, define the cosine polynomial

    f_A(x) = sum_{a in A} cos(a x).

It is important that A is a set, not a multiset: it contains no element more than once. Because the average of f_A over a full period is 0 while f_A(0) = |A|, the polynomial f_A must dip below 0 somewhere; the question is how negative it is forced to be, on the scale of sqrt(|A|).

The goal is to construct sets A for which f_A stays as close to non-negative as possible. Concretely:

    For every constant c > 0 and every positive integer n, construct a set A of positive integers with |A| >= n such that

        f_A(x) >= -c * sqrt(|A|)   for all real x.

## Your task

Write a Python script defining a function

    solution(c: float, n: int) -> str

that returns such a set A for the given c and n.

## Solution format

* The returned string must list the members of A as plain decimal positive integers separated by whitespace and/or commas, for example: ""1 3 7 12"". Members must be distinct.
* An example showing the required output format is provided in the file ""solution_example.py"".
* A valid set whose members are very large may fail to verify. Keep max(A) well under 10^6 (the usable ceiling is lower for the smaller values of c)."
class-group-rank,full_problem,"Find imaginary quadratic fields K = Q(sqrt(-D)) whose class group Cl(K) has large ℓ-rank.

For a prime ℓ, the ℓ-rank of Cl(K) is the integer r such that the ℓ-torsion subgroup Cl(K)[ℓ] is
isomorphic to (Z/ℓZ)^r. Exhibit fields achieving ℓ-rank at least r for the (ℓ, r) pairs in the
challenge set below. You demonstrate that the ℓ-rank is at least r by giving r independent
class-group elements, each of order exactly ℓ, so that together they generate a subgroup
isomorphic to (Z/ℓZ)^r.

## Challenge set

Each (ℓ, r) pair below is a separate challenge:

    ℓ = 3    r = 9, 10, 11, 12, 13, 14, 15, 16
    ℓ = 5    r = 6, 7, 8, 9, 10, 11, 12
    ℓ = 7    r = 5, 6, 7, 8, 9, 10
    ℓ = 11   r = 4, 5, 6, 7, 8
    ℓ = 13   r = 4, 5, 6, 7, 8

Each challenge you certify earns credit; certifying every pair in the set earns full credit, and
any nonempty subset earns partial credit. Completing more is better.

## Submission

Write your answer to a file, one certificate per line, with fields separated by the pipe
character, and submit the file's path with the submit tool:

    ℓ|r|D|gen_1|gen_2|...|gen_r

- ℓ — the prime. Every generator on the line must have order exactly ℓ in Cl(K).
- r — the number of generators that follow. They must be independent.
- D — a positive integer such that -D is a fundamental discriminant; the field is K = Q(sqrt(-D)).
- gen_i — an element of Cl(K), given as a binary quadratic form of discriminant -D: three
  comma-separated integers ""a,b,c"" meaning a·x² + b·x·y + c·y², with b² - 4·a·c = -D and a > 0
  (the form must be positive definite).

Only lines whose (ℓ, r) is in the challenge set earn credit; you may include others (for example
the one below) but they are ignored.

### Example line

    3|3|4447704|390,-96,2857|921,-786,1375|346,-68,3217

This is ℓ = 3, r = 3, discriminant -4447704, and three independent order-3 forms — a well-formed
example of the format. (3, 3) is below the challenge set, so it verifies without counting."
committee-election,full_problem,"Your task is to construct an approval-based committee election whose core is empty.

**Setting.** There are m candidates, labelled 1, 2, ..., m, and a target committee size k with 1 <= k < m. There are n voters; each voter i submits an approval set A_i, a subset of the candidates. A committee is a set W of exactly k candidates.

**Core.** Given a committee W, say that a non-empty group of voters S together with a proposal T (any subset of the candidates) blocks W if both of the following hold:

  - |T| / k <= |S| / n   (the group is large enough to ""deserve"" a committee of size |T|), and
  - |A_i & T| > |A_i & W|  for every voter i in S   (every member of S strictly prefers T to W, i.e. T contains strictly more of their approved candidates than W does).

A committee W is in the core if no group S and proposal T block it. The core of the election is the set of all committees that are in the core.

It is a well-known open problem whether the core is always non-empty. Your task is to find a counterexample: an election instance (a choice of k, m, and a list of approval sets) whose core is empty — that is, every committee of size k is blocked by some group and proposal.

Write your instance to a JSON file and submit its path. The file must contain a single JSON object with the following fields:

  - ""k"": the committee size (integer, 1 <= k < m).
  - ""m"": the number of candidates (integer). Candidates are labelled 1..m.
  - ""ballots"": a non-empty list of objects, one per distinct approval set, each of the form
        {""approve"": [<approved candidate labels>], ""count"": <number of voters with this approval set>}
    where ""approve"" is a list of distinct integers in 1..m and ""count"" is a positive integer. The number of voters n is the sum of the counts.

For example, an instance with k = 2, m = 4, and three voters approving {1, 2} and five voters approving {3, 4} would be written as:

  {""k"": 2, ""m"": 4, ""ballots"": [{""approve"": [1, 2], ""count"": 3}, {""approve"": [3, 4], ""count"": 5}]}

Your submission is correct if and only if the core of the resulting election is empty."
condorcet-winning-sets,full_problem,"# Condorcet Winning Sets of Size at Least Four

## Setup

An election consists of n voters and m candidates (labelled 1, 2, ..., m). Each
voter submits a strict ranking of all m candidates (a permutation), from most
preferred to least preferred.

Given a committee (a subset S of candidates) and an alternative candidate c not
in S, say that c ""overthrows"" S if at least half of the voters rank c above
every member of S. Formally, c overthrows S when

    #{ voters v : v ranks c higher than every member of S }  >=  n / 2.

A committee S is a *Condorcet winning set* (CWS) if no alternative candidate
overthrows it -- that is, for every c not in S, strictly fewer than half of the
voters prefer c to the whole committee.

(Equivalently: S is a CWS iff for every candidate c not in S, a strict majority
of voters rank at least one member of S above c. This is the definition of
Elkind, Lang & Saffidine, and the ""1/2-undominated"" notion of Charikar et al.,
""Six Candidates Suffice to Win a Voter Majority"".)

Note that any superset of a Condorcet winning set is again a Condorcet winning
set, so the relevant quantity is the size of the *smallest* CWS. The full
candidate set is always a CWS, so a smallest CWS always exists.

## Your task

Construct an election in which **every Condorcet winning set has size at least
four** -- i.e. there is no Condorcet winning set of size 3 (and hence, by upward
closure, none of size 1 or 2 either).

You choose n (the number of voters) and m >= 4 (the number of candidates).

## Submission format

Write your answer to a file as the n-by-m matrix of rankings, in plain text: n
lines, each with m whitespace-separated integers. Each of the n rows is one
voter's ranking -- the m candidate labels (1 .. m) in order from most preferred
to least preferred -- and must be a permutation of 1 .. m. Submit that file's
path using the submit tool.

Example (n = 3 voters, m = 4 candidates):

    3 1 4 2
    1 2 3 4
    4 2 1 3

Here the first voter prefers candidate 3 > 1 > 4 > 2.

The verifier will check every 3-candidate committee and accept your submission
only if each one is overthrown by some alternative (so no size-3 Condorcet
winning set exists)."
conway-99-graph,full_problem,"Your task is to find a specific graph.

A graph on n vertices is called srg(n, k, 1, 2) if:
- every vertex has exactly k neighbors,
- every pair of adjacent vertices has exactly 1 common neighbor, and
- every pair of non-adjacent vertices has exactly 2 common neighbors.

For these parameters, k is forced by n. Counting length-2 paths from a fixed vertex gives k(k - 2) = 2(n - k - 1), hence k = sqrt(2(n-1)), so k is not a free parameter.

Find an srg(99, 14, 1, 2) — a graph on 99 vertices satisfying the conditions above with k = 14.  Whether such a graph exists is an open problem, known as Conway's 99-graph problem.

Write your 99-graph construction to a file named `submission.txt`, as a list of edges, one per line, in the format:

  {u, v}

where u and v are the vertex labels (integers from 1 to 99, inclusive). Treat the graph as undirected. List each unordered edge exactly once, with no self-loops. A valid srg(99, 14, 1, 2) would have 693 edges."
degree-sensitivity-boolean,full_problem,"Construct a multilinear, integer-coefficient function P, on n variables, with 1 < n ≤ 100, with degree deg(P) > 1, that is Boolean on the cube, i.e., P(x) = 0 or 1 for all x in {0,1 }^n, and that has

|P(0, ..., 0) - P(1, 0, ..., 0)| + |P(0, ..., 0) - P(0, 1, 0, ..., 0)| + ... + |P(0, ..., 0) - P(0, ..., 0, 1)| = deg(P)^a

for some a > log(6)/log(3).

Provide your answer as an expression using variables like x1, x2, etc. For operators use +, -, and *. You may also use parentheses. Example: x1 + x2 + x3 - (x1*x2 + x1*x3 + x2*x3) + x1*x2*x3"
diophantine-septuple,full_problem,"A *rational Diophantine m-tuple* is a set of m distinct non-zero rational numbers

    {a_1, ..., a_m}

with the property that a_i * a_j + 1 is the square of a rational number for every pair of distinct indices i != j. Only the off-diagonal products are constrained: a_i^2 + 1 need not be a square.

## Task

Find a rational Diophantine 7-tuple: that is, 7 distinct non-zero rational numbers a_1, ..., a_7 such that a_i * a_j + 1 is the square of a rational number for every pair of distinct indices i != j.

## Submission

Write your 7 rationals to a file as a list of strings. Each entry should be an integer ""p"" or a fraction ""p/q"" (no decimal points or exponents). Submit the path to that file using the submit tool. The file should contain exactly that list and nothing else, for example:

    [""1"", ""3"", ""8"", ""120"", ""-5/2"", ""7/3"", ""11""]

No bound is placed on the size of the numerators and denominators; because the values travel in a file rather than on a command line, an entry may have as many digits as it needs."
earth-moon,full_problem,"A graph G = (V, E) is *biplanar* if its edge set E can be partitioned into two parts E_1 and
E_2 such that both (V, E_1) and (V, E_2) are planar. (Equivalently, G has thickness at most 2.)

Your task: construct a biplanar graph whose chromatic number is at least 10. Such a graph
would improve the best known lower bound for the Earth-Moon problem from 9 to 10. (Achieving
12, the known upper bound, would resolve the problem completely.)

You must exhibit the graph as a partition of its edges into two planar parts E_1 and E_2,
supply a proper coloring of the graph, and state the chromatic number k you claim for it.
Your submission is accepted if and only if:

  1. Both (V, E_1) and (V, E_2) are planar (so G is biplanar);
  2. k is between 10 and 12 (every biplanar graph has chromatic number at most 12);
  3. the coloring you supply is a proper coloring of G = (V, E_1 ∪ E_2) using at most k colors
     (so the chromatic number of G is at most k); and
  4. G cannot be properly colored with k - 1 colors (so its chromatic number is at least k).

Conditions 3 and 4 together prove that the chromatic number of G is exactly k.

Solution format:
* Write your answer to a JSON file and submit its path.
* The JSON must be an object with these keys:
  - ""num_vertices"": a positive integer N. The vertices are the integers 0, 1, ..., N-1.
  - ""edges_part1"": a list of edges [u, v] forming the first planar part E_1.
  - ""edges_part2"": a list of edges [u, v] forming the second planar part E_2.
  - ""coloring"": a list of N integers; entry i is the color assigned to vertex i.
  - ""chromatic_number"": the integer k you claim is the chromatic number of G.
* E_1 and E_2 must be disjoint (together they are the edge set of G). Endpoints are integers
  in [0, N), and edges are undirected.
* Colors may be any integers; only which colors are equal matters. Color G with exactly k
  colors and set ""chromatic_number"" to that same k. Your choice of k must be at least 10 and
  at most 12. A larger value of k is a stronger result.

Example submission (illustrating the format only — this graph is not biplanar with a high
chromatic number):
{
  ""num_vertices"": 3,
  ""edges_part1"": [[0, 1], [1, 2]],
  ""edges_part2"": [[0, 2]],
  ""coloring"": [0, 1, 2],
  ""chromatic_number"": 3
}"
efx,full_problem,"# An example with no EFX allocation

## Setup

We divide m indivisible goods among n agents. Agent i has an **additive**
valuation: a nonnegative integer value V[i][g] for each good g, and values a
bundle S of goods by the sum of its parts,

    v_i(S) = sum over g in S of V[i][g].

An **allocation** (A_1, ..., A_n) partitions the goods: every good is given to
exactly one agent (bundles may be empty). There are exactly n^m allocations.

## EFX (envy-free up to any good)

An allocation is **EFX** if no agent strongly envies another after the removal of
any single positively-valued good from the envied bundle. Formally, for every
ordered pair of distinct agents i, j and every good g in A_j with V[i][g] > 0:

    v_i(A_i)  >=  v_i(A_j) - V[i][g].

The phrase ""up to *any* good"" is the crux: the inequality must hold even for the
good whose removal helps i the least (the smallest good in A_j that i values
positively). Equivalently, for every ordered pair (i, j) such that A_j contains
at least one good i values positively:

    v_i(A_i)  >=  v_i(A_j) - min{ V[i][g] : g in A_j and V[i][g] > 0 }.

## Your task

Exhibit an example where an EFX allocation does not exist: choose n and m and
an n-by-m valuation matrix such that **no** allocation of the m goods to the n
agents is EFX. Since EFX allocations always exist for n <= 3, choose n >= 4.

## Submission format

Write your answer to a JSON file: an array of n rows, where row i is a list of m
nonnegative integers giving agent i's values for goods 0, 1, ..., m-1. All rows
must have the same length. Submit that file's path with the submit tool.

Example:

    [[3, 0, 1],
     [1, 2, 2]]

Here agent 0 values the three goods at 3, 0, 1 and agent 1 at 1, 2, 2. (This
example is only to show the format; it is not a counterexample -- an EFX
allocation exists for it.)

Keep n^m small enough that all allocations can be checked within the time
limit."
elliptic-curve-discrete-logarithm,full_problem,"Let p be a prime. You are given a curve

    E/F_p : y^2 = x^3 + a*x + b,

a point P in E(F_p) of prime order n, and a point

    Q = xP,

where xP denotes elliptic-curve scalar multiplication: the point obtained by adding P to
itself x times under the group law on E. (The scalar x here is an integer, distinct from the
affine coordinate variable x in the curve equation above.)

The Elliptic Curve Discrete Logarithm Problem is to recover x from the data (p, a, b, P, Q).

The public challenge is p, a, b, P, Q, n, h, where #E(F_p) = h*n and h is small:

    p = 92031864238688105485400538143121826382268912998421731683072033206257804487869
    a = 66780434313013275323552928748270304481793221171615836760742707201070562072251
    b = 49926646401131159709065076432340744650532242327390476058390067276099410301761
    P = (38644201185363417798191368696978811687737990190927559170532558153854800741642, 44805905068903897561820523795034068749084951450263356538447620424400005028012)
    Q = (54096648540016620506320945354369315155659910460053503439381018376158456438152, 23176800742290374932252879903926227937053123957837615098744936554616726258932)
    n = 18406372847737621097080107628624365276513063062857122317960690589425712086189
    h = 5

## Task

Recover x (the private answer): the integer x with 1 <= x < n such that Q = xP.

## Submission

Submit x by calling the `submit_answer` tool with `secret_x` set to the decimal integer,
written as a string (for example ""123456789"")."
elliptic-curve-point-count,full_problem,"# Elliptic curves with a prescribed point count

Given a prime $p$ and a target $N$ in the Hasse interval
($|N - (p+1)| < 2\sqrt{p}$), construct an elliptic curve $E/\mathbb{F}_p$ with
exactly $\#E(\mathbb{F}_p) = N$. The verifier deliberately chooses $(p, N)$ so that
the CM discriminant $D = (p+1-N)^2 - 4p$ has a large squarefree part.

## Submission format

You will submit a single Python file. It may use `sage`. When submitting, you may
also constrain the challenges your program will receive by specifying at most one
of the following (noting the ""interestingness"" criterion below):

| parameter | meaning |
|-----------|---------|
| `s` | $p$ chosen with $2^s < p < 2^{s+1}$; $s$ between 7 and 300 |
| `p` | you fix the prime $p$ (must be prime, $\ge 128$) |
| `N` | you fix the cardinality $N$ ($\ge 128$); the verifier picks a compatible $p$ |

If none is specified, each challenge is a random instance over the whole range.

## Protocol

The verifier repeatedly:

1. picks a challenge $(p, N)$ subject to your constraint;
2. runs your program in a fresh process with `p` and `N` in decimal as the two
   command-line arguments, using the same Python interpreter that runs the verifier.
   That is Sage's Python, which is not necessarily the `python` on your `PATH` — find
   it with `sage -c 'import sys; print(sys.executable)'` and test your submission with
   that interpreter, or `import sage` may fail;
3. reads the last non-empty line of your program's stdout as your answer: the
   $a$-invariants of a curve $E/\mathbb{F}_p$ with $\#E = N$, either `a b` (for
   $y^2 = x^3 + ax + b$) or `a b c d e` (general Weierstrass form), space-separated.
   Earlier lines of stdout are ignored, so printing progress information is fine.

Your program is run on one challenge after another until a total wall-clock budget of 30
minutes is exhausted (at most 20 challenges). Each invocation may use whatever remains of
the 30 minutes, so a program that spends the whole budget on one instance gets exactly
one attempt. If you want to reuse expensive precomputation across challenges, cache it in
a file.

## Scoring

A solution counts when the returned curve really has $N$ points. Only solves with
$p$ above the size threshold of $2^{80}$ are ""interesting"".

If there is sufficient time available, your program may be run on multiple challenges.
It will be considered correct if it answers an ""interesting"" challenge correctly within
the available time.

## Example submission format

```
import sys

from sage.all import ZZ

p, N = ZZ(sys.argv[1]), ZZ(sys.argv[2])
curve = find_curve(p, N)   # you must implement this!
# Your answer: the a-invariants of the elliptic curve,
# either as a pair a,b for y^2 = x^3 + ax + b
# or a 5-tuple a,b,c,d,e for y^2 + axy + cy = x^3 + bx^2 + dx + e
print("" "".join(str(a) for a in curve))
```"
elliptic-curve-rank,full_problem,"An elliptic curve E over the rationals can be written in the general Weierstrass form

    E : y^2 + a1 x y + a3 y = x^3 + a2 x^2 + a4 x + a6,   a1, a2, a3, a4, a6 in Z.

By the Mordell-Weil theorem its group of rational points is finitely generated,

    E(Q) ≅ E(Q)_tors ⊕ Z^r,

and the non-negative integer r is the rank of E.

## Task

Find an elliptic curve E over Q of rank at least 30, and exhibit 30 rational
points on E that are linearly independent in E(Q) (equivalently, independent modulo
torsion). These 30 independent points force rank E(Q) >= 30.

## Submission

Write your answer to a file, then submit the path to that file using the `submit_answer`
tool. The file must contain a single JSON object with exactly two keys, ""curve"" and
""x_coords"":

  - ""curve"": the five coefficients [a1, a2, a3, a4, a6] of the Weierstrass model above,
    each an integer written as a string (e.g. [""1"", ""0"", ""0"", ""-7"", ""12""]). The
    coefficients must define a non-singular curve (nonzero discriminant).

  - ""x_coords"": a list of exactly 30 x-coordinates, each the x-coordinate of a
    rational point on E. Give each as a string that is an exact integer (e.g. ""5"") or
    fraction (e.g. ""-3/2""). You only supply x-coordinates: the verifier reconstructs a
    corresponding y (the two choices are the inverse points \(P\) and \(-P\); choosing either
    does not affect independence). Every x MUST be the x-coordinate of a genuinely rational
    point -- the reconstructed y must be rational -- otherwise the point is not in E(Q) and
    the submission is rejected.

The file should contain exactly this JSON object and nothing else. The example below only
illustrates the format; it is not a valid answer:

{""curve"": [""0"", ""0"", ""0"", ""0"", ""1""], ""x_coords"": [""2"", ""0"", ""-1""]}

Approximate or floating-point coordinate values will not be accepted."
euler-sum-of-powers,full_problem,"In 1769 Leonhard Euler conjectured that for every integer n > 2, no sum of fewer than n positive n-th powers can itself be an n-th power. In its tightest form this says the equation

    a_1^n + a_2^n + ... + a_{n-1}^n = b^n

has no solution in positive integers: with only n-1 terms on the left, an n-th power cannot be reached. Euler's conjecture stood for nearly two centuries. It was finally refuted for n = 5 by Lander and Parkin in 1966, who found

    27^5 + 84^5 + 110^5 + 133^5 = 144^5,

and later for n = 4 by Elkies and Frye. But for every exponent n > 5, no counterexample is known, and whether any exists remains open.

## Task

Find an integer k > 5 and positive integers a_1, ..., a_{k-1}, a_k such that

    a_1^k + a_2^k + ... + a_{k-1}^k = a_k^k.

The length of your list determines the exponent: if you submit k integers, the exponent is k, the first k-1 are summed, and the last is the right-hand side. So a valid submission of k integers is exactly a counterexample to Euler's conjecture for exponent k.

## Submission

Submit your list of integers (a_1, ..., a_k) using the submit tool. Every integer must be positive, as in the statement of the conjecture; zero or negative entries are rejected. There is no bound on their magnitude. Your submission is checked exactly with arbitrary-precision integer arithmetic, so an approximate or rounded answer will not be accepted."
genus-2-jacobian-torsion,full_problem,"For each squarefree polynomial f(x) in Z[x] of degree 6, the curve

    C_f : y^2 = f(x)

is hyperelliptic of genus 2, and its Jacobian J_f = Jac(C_f) is an abelian surface over Q.

A rational point of J_f can be given in Mumford coordinates by a pair of polynomials (u, v)
over Q with

  - u monic of degree 2,
  - deg v <= 1,
  - u dividing v^2 - f.

Such a pair describes the effective divisor D of degree 2 cut out by u(x) = 0 and y = v(x),
and the corresponding point of J_f is the divisor class [D - K], where K is the canonical
class of C_f: the degree-2 divisor cut out by x = constant, equivalently the sum of the two
points at infinity of the smooth projective model. (K is a rational divisor class even when
the two points at infinity are individually irrational, so [D - K] is a rational point of J_f
for every such pair (u, v).)

# Task

Find a squarefree polynomial f(x) in Z[x] of degree exactly 6, together with a point of
J_f(Q) whose order is a prime number p >= 31.

(There is no loss of generality in taking f to have integer coefficients: f and c^2 * f define
isomorphic curves for any c in Q*, so denominators can be cleared.)

# Submission

Write your answer to a file, then submit the path to that file using the `submit_answer` tool.
The file must contain a single JSON object with exactly three keys, ""coeffs"", ""u"", and ""v"",
each a list of coefficients given as strings, CONSTANT TERM FIRST:

  - ""coeffs"": the 7 coefficients of f, i.e. [""c0"", ""c1"", ..., ""c6""] meaning
    f(x) = c0 + c1 x + ... + c6 x^6. Each must be an integer, and c6 must be nonzero so that f
    has degree exactly 6.
  - ""u"": the 3 coefficients of u, i.e. [""u0"", ""u1"", ""u2""] meaning u(x) = u0 + u1 x + u2 x^2.
  - ""v"": the 2 coefficients of v, i.e. [""v0"", ""v1""] meaning v(x) = v0 + v1 x.

Every entry must be a string holding an exact integer such as ""5"" or an exact fraction such as
""-3/2"". Everything is checked with exact arithmetic, so approximate or floating-point values will
not be accepted.

The file should contain exactly this JSON object and nothing else. The example below only
illustrates the format; it is not a valid answer:

{""coeffs"": [""1"", ""0"", ""1"", ""0"", ""1"", ""0"", ""1""], ""u"": [""1"", ""0"", ""1""], ""v"": [""0"", ""0""]}"
genus-2-rational-points,full_problem,"For each squarefree polynomial f(x) in Z[x] of degree 6, the curve

    C_f : y^2 = f(x)

is hyperelliptic of genus 2. By Faltings' theorem (the Mordell conjecture), a curve of
genus at least 2 over Q has only finitely many rational points. Equivalently, there are
only finitely many x in Q for which f(x) is the square of a rational number.

The rational points of C_f come in two kinds:

  - Affine points: each x in Q with f(x) = y^2 != 0 yields a pair (x, y) and (x, -y); an
    x with f(x) = 0 yields the single point (x, 0).
  - Points at infinity: the smooth projective model has two points at infinity. They are
    rational if and only if the leading coefficient c6 of f is the square of a rational
    (equivalently, a perfect-square integer).

The current record is 642 rational points, achieved in 2008 by Elkies and Stoll with

    y^2 = 82342800 x^6 - 470135160 x^5 + 52485681 x^4 + 2396040466 x^3
          + 567207969 x^2 - 985905640 x + 247747600.

(Its leading coefficient 82342800 is not a perfect square, so this curve has no rational
points at infinity and all 642 of its rational points are affine.)

## Task

Find a squarefree polynomial f(x) in Z[x] of degree exactly 6 such that the curve
y^2 = f(x) has MORE THAN 642 rational points in total (affine points together with any
rational points at infinity).

(There is no loss of generality in taking integer coefficients: f and c^2 * f define
isomorphic curves for any c in Q*, so denominators and square factors of the leading
coefficient can be cleared.)

## Submission

Write your answer to a file, then submit the path to that file using the `submit_answer`
tool. The file must contain a single JSON object with exactly two keys, ""coeffs"" and
""points"":

  - ""coeffs"": the 7 coefficients of f as a list of integer strings, CONSTANT TERM FIRST,
    i.e. [""c0"", ""c1"", ""c2"", ""c3"", ""c4"", ""c5"", ""c6""] meaning f(x) = c0 + c1 x + ... + c6 x^6.
    Each coefficient must be an integer written as a string (e.g. ""0"", ""-7"", ""12""). The
    leading coefficient c6 must be nonzero, so that f has degree exactly 6.

  - ""points"": a list of [x, y] pairs giving the AFFINE rational points, each coordinate a
    string parseable as an exact rational (an integer like ""5"" or a fraction like ""-3/2"").
    Every pair must satisfy y^2 = f(x). Do NOT list the points at infinity -- the verifier
    adds them automatically (two of them when c6 is a perfect square, otherwise none).

The file should contain exactly this JSON object and nothing else. The example below only
illustrates the format; its points do not give a record curve:

{""coeffs"": [""1"", ""0"", ""1"", ""0"", ""1"", ""0"", ""1""], ""points"": [[""0"", ""1""], [""0"", ""-1""], [""1"", ""2""], [""1"", ""-2""]]}

Everything is checked exactly with arbitrary-precision rational arithmetic, so approximate
or floating-point values will not be accepted."
hadamard,full_problem,"Find a Hadamard matrix of order 668.

Write your Hadamard matrix to an .npy file (using `numpy.save`) and output the filepath. The matrix must be a square array of +1 and -1 entries."
hall-conjecture,full_problem,"Hall's conjecture concerns how close a perfect square can be to a perfect cube without being equal to it. For positive integers x and y with

    x^3 != y^2,

define the ""Hall ratio""

    r(x, y) = sqrt(x) / |y^2 - x^3|.

A large ratio means y^2 is a remarkably good (but not exact) approximation to x^3 relative to the size of x. The original strong form of Hall's conjecture asserted that this ratio is bounded by an absolute constant. Decades of computation have produced only finitely many large examples: the largest ratio currently known is approximately 46.6. A pair achieving a ratio greater than 100 would be a new record.

## Task

Find positive integers x and y such that

    x^3 != y^2    and    sqrt(x) / |y^2 - x^3| > 100.

## Submission

Submit your two integers as (x, y) using the submit tool. There is no bound on the magnitude of x or y. Your submission is checked exactly with arbitrary-precision integer arithmetic (the ratio condition is tested as x > (100 * |y^2 - x^3|)^2), so an approximate or rounded answer will not be accepted."
heesch-number,full_problem,"# Record-Setting Heesch Polyform

## Goal
Submit one connected, hole-free unmarked polyform with at most **200 cells**, compact enough for the verifier (`span_x + span_y <= 29`), and a witness patch showing **Heesch number at least 7**. The submitted polyform should not admit an isohedral tiling.

## Submission File
Return a single plain-text file containing one tile record in the compact `heesch-sat` text format.

The record must have this structure:

```text
GRID x1 y1 x2 y2 ... xn yn
~ hc hh P
N
level1 <a,b,c,d,e,f>
level2 <a,b,c,d,e,f>
...
levelN <a,b,c,d,e,f>
```

`P` is the number of witness patches; it is `1` in the common case (`hh == hc`) and `2` when you also certify `hh == hc + 1`. The block above shows a single patch. When `P = 2`, append a second count line `M` followed by `M` placement lines for the hole-allowed patch.

## Line-by-Line Format
`GRID x1 y1 x2 y2 ... xn yn`

`GRID` is the grid abbreviation. Allowed abbreviations include `O` (polyomino/square grid), `H` (polyhex/hexagonal grid), and `I` (polyiamond/triangular grid). Use `O` unless you intentionally submit a different supported polyform family. The remaining integers are occupied cell coordinates, not boundary vertices and not an outline walk. For example:

```text
O 0 0 1 0
```

describes a domino: one cell at `(0,0)` and one adjacent cell at `(1,0)`.

Every coordinate pair must name a cell of the grid you chose. `O` and `H` have a cell at every pair, but the other families do not: in `I`, for instance, a cell needs `x` and `y` to be congruent mod 3 and congruent to 0 (upward triangle) or 1 (downward triangle), so `I 1 0` names no cell. The verifier rejects a shape that lists a position which is not a cell, and likewise a placement whose transform is not a symmetry of the grid and so moves the tile off the grid's cells.

`~ hc hh P`

This status line declares a non-tiler witness record.

- `hc` is the claimed hole-free Heesch number.
- `hh` is the claimed Heesch number when holes are allowed in the outer corona. A non-tiler always has `hh == hc` or `hh == hc + 1`. If you are not demonstrating the hole variant, set `hh = hc`.
- `P` is the number of witness patches that follow. Set `P = 1` when `hh == hc` (just the hole-free patch). Set `P = 2` when `hh == hc + 1`: give the hole-free patch reaching corona `hc` first, then a second patch reaching corona `hh` whose outer corona may contain holes.
- Use `7 <= hc <= 12`. Set `hh = hc` (with `P = 1`) unless you also want to certify the hole variant `hh = hc + 1` (with `P = 2`). Acceptance depends only on the recomputed hole-free `hc` reaching the threshold.

`N`

The number of placed copies of the tile in the following patch, including the central copy. Each patch begins with its own count line and is followed by that many placement lines.

`level <a,b,c,d,e,f>`

Each placement line gives one copy of the tile.

- `level` is the corona index of that copy: `0` for the central seed, `1` for the first surrounding corona, `2` for the second, and so on.
- `<a,b,c,d,e,f>` is the affine lattice transform applied to every occupied cell `(x,y)` of the base tile:

```text
x' = a*x + b*y + c
y' = d*x + e*y + f
```

The matrix part `[[a,b],[d,e]]` should be a grid symmetry: a rotation and/or reflection valid for the selected grid. The translation part is `(c,f)`.

The central tile should normally be:

```text
0 <1,0,0,0,1,0>
```

## Constraints
- Use one tile record per submission file.
- Every listed coordinate pair must be a cell of the chosen grid (see the shape line above).
- The shape must be connected and hole-free.
- The shape must have at most 200 occupied cells.
- The shape must be compact enough for the current verifier: its coordinate bounding-box spans must satisfy `span_x + span_y <= 29`. Absolute translation does not matter; the solver normalizes position before classification. More elongated shapes may be mathematically interesting, but this verifier rejects them to avoid a known fixed-bitmap SAT failure mode.
- The witness patch must include all copies needed to demonstrate coronas through level `hc`.
- The patch must have no overlapping placed cells.
- Keep coordinates reasonably small so automated checking can finish.
- The verifier independently recomputes the classification with a maximum search level of 12. A
  shape that reaches that search bound is classified as inconclusive and is not accepted, even if
  its submitted witness is valid.

## Toy Example
This example is not a solution to the challenge; it only illustrates syntax.

```text
O 0 0 1 0
~ 1 1 1
3
0 <1,0,0,0,1,0>
1 <1,0,0,0,1,1>
1 <1,0,0,0,1,-1>
```

Submit your own record-setting high-Heesch construction instead of the toy example."
hirsch-conjecture,full_problem,"Let P be a bounded, full-dimensional convex polytope in R^4 with n facets. Its graph G(P) has the
vertices of P as nodes and the edges (1-dimensional faces) of P as arcs. The combinatorial diameter
of P is the largest graph distance between any two vertices of P.

Produce an explicit rational polytope P in R^4 whose combinatorial diameter is strictly greater
than n - 4, where n is its number of facets.

Submit P in BOTH representations, with every coordinate exact (no floating-point values):

  * an H-representation: an integer matrix A (with n rows and 4 columns) and an integer vector b
    (of length n) such that
        P = { x in R^4 : A x <= b },
    where the n rows of (A, b) are exactly the facets of P (each row is a facet; no row is
    redundant, and no facet is omitted);

  * the full V-representation: the complete list of vertices of P, each given as 4 exact rationals.

Format your answer as a single JSON object with these three keys:

  {
    ""A"": [[a_11, a_12, a_13, a_14], ..., [a_n1, a_n2, a_n3, a_n4]],
    ""b"": [b_1, ..., b_n],
    ""vertices"": [[v_11, v_12, v_13, v_14], ..., [v_m1, v_m2, v_m3, v_m4]]
  }

The entries of A and b must be integers. Each vertex coordinate must be either an integer or a
string holding an exact rational, for example ""3/2"", ""-7"", or ""0"". Do not use floating-point
numbers anywhere in the submission.

Write this JSON object to a file and submit the path to that file."
inverse-galois,full_problem,"Find a degree 23 polynomial in Z[x] whose splitting field over Q has Galois group M23. The coefficients of the polynomial must have fewer than 100 decimal digits.

Provide your solution as a single polynomial expression in Magma syntax, e.g.
  3*x^2 - 2*x + 1
Only integer literals, the variable x (lower case), the operators + - * ^ and parentheses are
accepted. Do not wrap the expression in quotation marks, and do not add a trailing semicolon, an
assignment, or any other Magma code."
jones-unknot,full_problem,"Your task is to disprove the Jones unknot conjecture by exhibiting a nontrivial knot whose normalized Jones polynomial is 1.

The Jones unknot conjecture asserts that the unknot is the only knot whose normalized Jones polynomial equals 1. It is a famous open problem. A counterexample is a knot K that is genuinely knotted — it has positive Seifert genus, so it is not the unknot — yet has normalized Jones polynomial exactly 1.

Concretely: produce a planar diagram of a single knot K such that

- the normalized Jones polynomial of K is exactly 1 (the unknot's value), and
- K is not the unknot: its knot Floer homology has positive Seifert genus.

## Diagram format

Give K as a PD (planar diagram) code — a list of crossings, each a 4-entry list of nonnegative integer edge labels listing the four strand ends around the crossing. The four entries are listed counterclockwise starting at the incoming under-strand (SnapPy/Spherogram's `PD_code()` convention); a diagram whose crossings violate this convention is rejected as malformed input. Each edge label must appear exactly twice, and the diagram must be classically planar and represent exactly one knot component. For example, the trefoil is:

    [[5, 2, 0, 3], [3, 0, 4, 1], [1, 4, 2, 5]]

The diagram may have at most 100 crossings, and it must be reduced: it must admit no simplifying Reidemeister I or II move. Equivalently, SnapPy/Spherogram's `Link(pd).simplify(mode='basic')` must return `False` on your diagram — and if it returns `True`, the simplified link it leaves behind is a qualifying diagram of the same knot.

## Compute budget

The crossing limit is not a compute budget. Verification computes the Jones polynomial and knot Floer homology of the diagram you submit, and the cost of both — knot Floer homology especially — is driven by the Morse width/girth of the *diagram*, not by its crossing number: across reduced 55-to-80-crossing diagrams we measured knot Floer runtimes from under a second to several minutes, and the diagrams with more crossings were often the faster ones. The verifier allows 900 seconds for any single one of these computations and 1800 seconds for all of them together.

You control the diagram: present your knot as a low-width diagram — a closed braid on few strands, or a diagram simplified with `Link(pd).simplify(mode='global')` — rather than assuming that a knot within the crossing limit is within reach.

## Submission format

Write your answer to a file whose entire contents are the PD code as a single Python literal (a list of 4-element lists of nonnegative integers), for example:

    [[5, 2, 0, 3], [3, 0, 4, 1], [1, 4, 2, 5]]

Submit the path to that file with the submit tool."
large-mahler-measure,full_problem,"For a polynomial P(x) = sum_{k=0}^d a_k x^k, write e(t) = exp(2*pi*i*t) and recall the Mahler measure

    M_0(P) = exp( integral_0^1 log|P(e(t))| dt ).

A Littlewood polynomial is one whose coefficients all satisfy a_k = +-1. For such a polynomial of degree d, Parseval gives ||P||_2 = sqrt(d+1), and Jensen's inequality yields M_0(P) <= sqrt(d+1). Define the normalized Mahler measure

    b(P) = M_0(P) / sqrt(d+1),

so that 0 < b(P) <= 1. The goal is to construct Littlewood polynomials whose normalized Mahler measure is as large as possible at arbitrarily large degree.

Concretely: find an algorithm that takes a positive integer n as input and produces a Littlewood polynomial of degree strictly greater than n whose normalized Mahler measure satisfies

    b(P) > 0.97.

Solution format:
* Write a Python script defining a function `solution(n: int) -> str`.
* The returned string must be over the alphabet {'+', '-'} and have length d+1 > n+1, where the k-th character (0-indexed) is the sign of the coefficient a_k, listing a_0, a_1, ..., a_d (lowest-order coefficient first). '+' denotes the coefficient +1 and '-' denotes -1.
* Do not include any code at the file level. You may include a `main` block for testing, but it will not be executed by the verifier.
* You may assume n <= 500000; no larger value of n is tested.
* For each tested n the call to solution(n) must complete within 5 minutes on a typical laptop, and the returned degree must not exceed 2000000. Since n is at most 500000, this cap always leaves room for a valid answer.
* An example showing the required format is provided in the file ""/solution_example.py""."
large-steiner-systems,full_problem,"Let [n] be the elements {1,...,n}. Call T a q-subset of [n] if T⊆[n] and the size of T is q.

A (n,q,r)-Steiner system S is a set of q-subsets of [n] such that every r-subset of [n] is contained in exactly 1 element of S.

Your task is to find a (n,q,r)-Steiner system for any n > q > r > 5, where r < 10 and n < 200.

Submit your answer with the parameters n, q, r, and blocks (the list of q-subsets, where each block is a list of q integers from {1, ..., n})."
leech-trees,full_problem,"A tree with positive-integer edge weights is called a Leech tree if the set of all pairwise path distances between vertices is exactly {1, 2, 3, ..., n(n-1)/2}, where n is the number of vertices. In other words, every integer from 1 up to n(n-1)/2 appears as the path distance between exactly one pair of vertices.

Your task is to construct a Leech tree with 18 or more vertices.

Output your answer as a file named submission.json containing a JSON array of edges, where each edge is a triple [x, y, w]:
- x and y are positive integers representing the two endpoint vertices
- w is a positive integer representing the edge weight

The edges must form a valid tree (connected, no cycles) on n >= 18 vertices with positive-integer edge weights, and the n(n-1)/2 pairwise path distances must be exactly the integers 1, 2, 3, ..., n(n-1)/2.

Example format for a small Leech tree on 3 vertices (distances 1, 2, 3):
[
  [1, 2, 1],
  [2, 3, 2]
]

Your submission.json should follow this same format, scaled up to 18 or more vertices."
lonely-runner,full_problem,"# The Lonely Runner Conjecture

Consider n runners on a circular track of length 1, all starting at position 0 at time t=0, each running at a distinct positive integer speed. The conjecture states:

    For any such set of n runners, there exists a time t at which every runner is at distance at least 1/(n+1) from the starting position 0.

Here, distance on the circular track means the shorter arc length, i.e. the distance of runner k from 0 at time t is

    ||t * vk|| = min( {t * vk}, 1 - {t * vk} )

where {x} denotes the fractional part of x.

## Your task

Find a counterexample: a list of n >= 2 distinct positive integers v1, ..., vn such that for every time t, at least one runner is at distance strictly less than 1/(n+1) from position 0. In other words, there is no moment at which the starting position is ""lonely"".

## Submission format

Write your answer to a file containing the speeds as integers separated by spaces or newlines, for example:

    3 7 11 15

Submit your file path using the submit tool."
matrix-multiplication,full_problem,"The matrix multiplication tensor M<4> encodes the bilinear map that multiplies two 4x4 matrices over the complex numbers. A rank-r decomposition of M<4> is a list of r triples (L_s, R_s, P_s) for s = 1, ..., r, where

  - L_s is a linear form on the entries of a 4x4 matrix A,
  - R_s is a linear form on the entries of a 4x4 matrix B,
  - P_s is a 4x4 matrix of coefficients,

such that for ALL 4x4 matrices A and B,

  A B = sum_{s=1}^r L_s(A) * R_s(B) * P_s.

Equivalently, this is an algorithm that multiplies two 4x4 matrices using at most r scalar multiplications (the products L_s(A) * R_s(B)), where additions and multiplications by fixed constants are free.

Your task is to exhibit a decomposition of rank r <= 47.

Coefficients may be complex algebraic numbers. You will certify them exactly by working in a coefficient ring Q[t]/(f), where f(t) is a polynomial with rational coefficients: each coefficient is represented as an element of Q[t]/(f), and choosing any complex root of f recovers the complex decomposition.

Output your answer as a file containing a single JSON object with these keys:

  {
    ""r"": <integer rank, with r <= 47>,
    ""f"": [c0, c1, ..., cd],
    ""L"": [ <r rows, each a list of 16 entries> ],
    ""R"": [ <r rows, each a list of 16 entries> ],
    ""P"": [ <r rows, each a list of 16 entries> ]
  }

Format details:

  - ""f"" lists the coefficients of f(t) = c0 + c1*t + ... + cd*t^d in ascending degree, with cd != 0 and degree d >= 1. (Use f = [0, 1], i.e. f(t) = t, to work over the plain rationals Q.)

  - Each of ""L"", ""R"", ""P"" is an array of exactly r rows, and each row has exactly 16 entries, one per matrix cell in row-major order: column index 4*(i-1) + (j-1) corresponds to the (i, j) cell (rows and columns indexed 1..4). For row s, the entries of L give L_s as the linear form L_s(A) = sum_{i,j} L[s][4*(i-1)+(j-1)] * A_{ij}; likewise R[s] gives R_s(B) = sum_{j,k} R[s][...] * B_{jk}; and P[s] gives the matrix P_s, so (P_s)_{ik} = P[s][4*(i-1)+(k-1)].

  - Each entry is an element of Q[t]/(f), written as a list of rational coefficients [a0, a1, ...] meaning a0 + a1*t + ... (degree strictly less than d). A bare scalar (e.g. ""1"" or 3) is accepted as a constant. Rational numbers must be written as integers or as exact fraction strings like ""3/2"" or ""-1/4"". Floating-point numbers are NOT accepted, since the check is exact; this includes decimal strings like ""0.5"" and exponent notation like ""1e3"" (write ""1/2"" and ""1000"" instead)."
missing-moore-graph,full_problem,"Your task is to find the missing Moore graph.

A Moore graph is a graph that achieves the Moore bound: the maximum possible number of vertices for a given degree k and diameter d. For degree k and diameter d=2, the Moore bound is 1 + k + k(k-1) = k^2 + 1 vertices.

Moore graphs of diameter 2 are known to exist for degrees k = 2 (the 5-cycle), k = 3 (the Petersen graph), and k = 7 (the Hoffman-Singleton graph). It was proved by Hoffman and Singleton in 1960 that the only remaining possible degree is k = 57, which would give a graph on 57^2 + 1 = 3250 vertices. Whether this graph exists is one of the oldest open problems in graph theory. It has never been found, and it has never been proved not to exist — hence the name ""the missing Moore graph.""

A graph is the missing Moore graph if and only if it satisfies all of the following:

1. It has exactly 3250 vertices, labelled 1 through 3250.
2. Every vertex has degree exactly 57 (it is 57-regular).
3. Every pair of non-adjacent vertices has exactly 1 common neighbor (diameter 2).
4. No two adjacent vertices share a common neighbor.

Conditions 3 and 4 together make it a strongly regular graph with parameters srg(3250, 57, 0, 1).

Your task is to construct such a graph and write it to a file. The file should contain exactly one edge per line, in the following format:

  {x, y}

where x and y are integers between 1 and 3250 (inclusive). List each edge once only (do not list both {x, y} and {y, x}). The file should contain exactly 92625 edges (since 3250 * 57 / 2 = 92625).

Example of correctly formatted lines:
  {1, 2}
  {1, 3}
  {2, 57}"
no-three-in-line,full_problem,"Let G_n be the n x n grid of lattice points {1, 2, ..., n} x {1, 2, ..., n}.

A no-three-in-a-line set is a subset S of G_n such that no three points of S lie on a common straight line. Let t(n) be the maximum possible size of such a set.

The trivial upper bound is t(n) <= 2n (more than 2n points force three in some row).

Sets of size 1.5 * n - O(1) are classical, so it is the ratio 3/2 that is the barrier: it is not known whether t(n) / n can exceed 3/2 for arbitrarily large n. Your task is to beat that ratio, which means beating it by a constant factor -- shaving an additive constant off a 1.5 * n - O(1) construction leaves the ratio at 3/2 and does not count.

Concretely: give an algorithm that produces, for arbitrarily large n, a no-three-in-a-line set of MORE than 1.8 * n points.

Solution format:
* Write a Python script defining a function `solution(min_n: int) -> tuple[int, list[list[int]]]`.
* Given a lower bound `min_n`, `solution(min_n)` must return a pair `(n, points)` where:
  - `n` is an integer with `min_n <= n <= 2 * min_n` (you may choose any such n; your family need not include every n),
  - `points` is a list of `[x, y]` pairs of integers with `1 <= x <= n` and `1 <= y <= n`,
  - the points are distinct,
  - no three of the points are collinear, and
  - `len(points) > 1.8 * n` (strictly).
* The verifier calls `solution(min_n)` for many increasing lower bounds `min_n`. The n you return must be STRICTLY INCREASING across these calls.
* Each call to `solution(min_n)` must complete within 1 minute when run on a typical laptop.
* Do not include any code at the file level. You may include a `main` block for testing, but it will not be executed by the verifier.
* An example showing the required format is provided in the file ""solution_example.py"". (That example returns only a handful of points, far below the threshold; it is there to illustrate the interface, not to solve the problem.)"
numerical-semigroups,full_problem,"Your task is to find a counterexample to Wilf's conjecture.

A numerical semigroup S = ⟨n_1, ..., n_k⟩ is the set of all non-negative integer combinations

    a_1 n_1 + ... + a_k n_k        (each a_i a non-negative integer)

of a fixed set of positive integers n_1, ..., n_k (the ""generators"") whose overall greatest common divisor is 1. Because the gcd is 1, S contains every sufficiently large integer, so only finitely many non-negative integers are missing from S; the missing ones are called the gaps of S.

Associated to S are the following invariants:

- genus g(S): the number of gaps.
- Frobenius number F(S): the largest gap.
- conductor c(S) = F(S) + 1: every integer >= c(S) belongs to S.
- multiplicity m(S): the smallest nonzero element of S (equivalently, the smallest generator).
- embedding dimension e(S): the size of the unique minimal generating set of S.
- n(S): the number of elements of S that are strictly less than c(S). Equivalently, n(S) = c(S) - g(S).

For example, S = ⟨5, 7, 9⟩ has elements 0, 5, 7, 9, 10, 12, 14, 15, 16, ... and gaps 1, 2, 3, 4, 6, 8, 11, 13, so g = 8, F = 13, c = 14, m = 5, e = 3, and n = 6.

Wilf's conjecture (1978) asserts that every numerical semigroup satisfies

    e(S) · n(S) >= c(S).

A counterexample is a single numerical semigroup S with

    e(S) · n(S) < c(S).

Find one.

## Certificate format

Write your answer to a file containing a single JSON object and submit the file path.

The minimal certificate is just the list of generators:

    {""generators"": [5, 7, 9]}

The verifier only builds S directly when the multiplicity m (the smallest generator) is at most 200000. For a larger m, building S is too slow, so you must additionally supply the Apéry set of S together with a predecessor for each of its elements:

    {
      ""generators"": [5, 7, 9],
      ""apery"": [0, 16, 7, 18, 9],
      ""apery_predecessors"": [null, [2, 9], [0, 7], [4, 9], [0, 9]]
    }

The Apéry set is the list w_0, w_1, ..., w_{m-1}, where w_r is the smallest element of S congruent to r modulo m; in particular w_0 = 0. It determines S completely, and every invariant above follows from it.

Each entry of `apery_predecessors` is either null (for entry 0) or a pair [prev, gen] certifying w_r = w_{prev} + gen for a submitted generator gen. Following these links back to w_0 = 0 writes each w_r as a sum of generators, proving w_r is in S.

The generators must be positive integers with overall gcd 1. The semigroup must be nontrivial — the smallest generator must be at least 2, equivalently S has at least one gap (S = ⟨1⟩ is the whole set of non-negative integers, for which the invariants degenerate, so it is not accepted). All arithmetic is exact."
polya-laplacian-spectrum,full_problem,"Let Omega be a bounded open set in R^2 with Lipschitz boundary, and let

    0 < lambda_1(Omega) <= lambda_2(Omega) <= ...

be the Dirichlet eigenvalues of the positive Laplacian on Omega, counted with
multiplicity. Consider the inequality

    lambda_k(Omega) >= 4*pi*k / |Omega|,

where |Omega| is the area of Omega.

## Task

Find a bounded polygonal domain P in R^2 with rational vertices, together with an
index k >= 1, that violates this inequality:

    |P| * lambda_k(P) < 4*pi*k.

P is an outer simple polygon with zero or more polygonal holes removed from it, so
it may be multiply connected. Supply a strictly positive rational margin epsilon;
the submission is accepted only if the violation holds with room to spare:

    |P| * lambda_k(P) < 4*pi*k - epsilon.

## Submission

Submit the path to a JSON file with this shape:

    {
      ""vertices"": [[x1, y1], [x2, y2], ..., [xm, ym]],
      ""holes"": [ [[..], [..], [..]], ... ],
      ""k"": <positive integer>,
      ""epsilon"": <positive rational>,
      ""refinement"": <non-negative integer>
    }

  * ""vertices"": the outer simple polygon, vertices in cyclic order.
  * ""holes"" (optional, default none): simple polygons removed from the outer one.
    Each hole must lie strictly inside the outer polygon, and holes must be
    pairwise disjoint.
  * ""k"", ""epsilon"": as above.
  * ""refinement"": mesh refinement level used to bound lambda_k(P); larger values
    give a tighter bound at higher cost.

Each coordinate and epsilon is an exact rational, given as an integer or as a
string that is a fraction ""p/q"" or a plain decimal such as ""0.25"". Floating-point
numbers and scientific notation are not accepted."
polynomial-minimal-surface,full_problem,"Let u : R^n -> R be a real polynomial. The graph {(x, u(x)) : x in R^n} in R^(n+1) is a minimal
surface if and only if u solves the minimal surface equation

    div( grad u / sqrt(1 + |grad u|^2) ) = 0.

Clearing the positive denominator, this is equivalent to the polynomial identity

    F_u := (1 + |grad u|^2) * (Laplacian u)  -  sum_{i,j=1}^n u_i u_j u_ij  ==  0,

where u_i = du/dx_i, u_ij = d^2u/(dx_i dx_j), |grad u|^2 = sum_i u_i^2, and Laplacian u = sum_i u_ii.

Your task: find a non-affine polynomial u in R[x_1, ..., x_n] for some n >= 8 such that F_u is the
zero polynomial (equivalently, a polynomial u of total degree >= 3 with F_u == 0). Such a u would be
a polynomial entire minimal graph. Coefficients may be any real algebraic numbers.

Solution format:
* Write your answer to a JSON file and submit its path.
* The JSON must be an object with these keys:

  - ""n"": the number of variables (an integer; must be at least 8).

  - ""coefficient_field"": how the coefficients are given. Either
      * the string ""Q"" (the rational numbers), in which case each ""coeff"" below is a single
        rational string such as ""3/2"" or ""-5""; or
      * a number field object
            {""type"": ""number_field"",
             ""min_poly"": [""a_0"", ""a_1"", ..., ""a_d""],   # rational strings, low degree first:
                                                        #   a_0 + a_1 T + ... + a_d T^d
             ""isolating_interval"": [""a"", ""b""]}          # rational strings with a < b
        defining theta as the UNIQUE REAL root of min_poly in the open interval (a, b). min_poly
        must be IRREDUCIBLE over Q and of degree >= 2, and (a, b) must bracket exactly one of its
        real roots. Then theta is a real algebraic number and each ""coeff"" below is a LIST of
        rational strings [c_0, c_1, ..., c_{m-1}] with m <= d, meaning c_0 + c_1*theta + ... .

  - ""polynomial"": a list of terms, each {""coeff"": <coeff>, ""exp"": [e_1, ..., e_n]}, representing
        u(x) = sum over terms of  coeff * x_1^e_1 * ... * x_n^e_n.
        Each ""exp"" is a list of exactly n non-negative integers.

Example (illustrating the format only):
{
  ""n"": 8,
  ""coefficient_field"": {""type"": ""number_field"", ""min_poly"": [""-2"", ""0"", ""1""],
                        ""isolating_interval"": [""1"", ""2""]},
  ""polynomial"": [
    {""coeff"": [""0"", ""1""], ""exp"": [1, 0, 0, 0, 0, 0, 0, 0]},
    {""coeff"": [""3/2""],    ""exp"": [0, 1, 0, 0, 0, 0, 0, 0]}
  ]
}
Here min_poly is T^2 - 2 and isolating_interval (1, 2) selects theta = +sqrt(2) (the interval
(-2, -1) would select -sqrt(2)), so this encodes u = sqrt(2)*x_1 + (3/2)*x_2."
polynomial-square-few-coefficients,full_problem,"Your task is to find a specific polynomial, if one exists.

A polynomial p(x) = a_0 + a_1*x + ... + a_n*x^n is called *dense* if every coefficient
a_0, a_1, ..., a_n is non-zero (i.e. it has n+1 non-zero coefficients, one at every
degree from 0 to n).

Your goal is to find a dense polynomial p with integer coefficients such that p(x)^2 has
fewer than sqrt(n) non-zero coefficients, where n is the degree of p.

In other words:
  - p has degree n
  - every coefficient of p is a non-zero integer
  - the number of non-zero coefficients of p^2 is strictly less than sqrt(n)

This is an open problem — it is unknown whether such a polynomial exists. You may attempt
either to find one or to argue why it cannot exist.

If you produce a polynomial, write it to a .json file as an array of integers [a_0, a_1, ..., a_n]
where a_0 is the constant term and a_n is the leading coefficient, then submit
the path to that file. Every entry must be a non-zero integer. Use plain integer literals
(e.g. 3, -7), not scientific notation (e.g. 3e0), as the latter is parsed as a float and
will be rejected.

Example file contents (this is just an illustration, not a solution):
  [1, -1, 2, -3, 1]
represents 1 - x + 2x^2 - 3x^3 + x^4, which has degree 4 and 5 non-zero coefficients."
prime-factorization,full_problem,"# Factoring semiprimes faster than the best known classical algorithms

You will be given semiprimes $N = p \cdot q$ to factor, and scored on whether you do so
*faster than the best known classical method could* — by a margin large enough that any
positive score is very likely to be an algorithmic breakthrough, not just a fast
implementation or beefier hardware.

## Submission format

You will submit a single Python file. It may use `sage`. When submitting, you may also
constrain the challenges your program will receive by specifying `logp` and/or `logq`:

| parameter | meaning |
|-----------|---------|
| `logp` | $p$ is chosen with $2^{logp} < p < 2^{logp+1}$ |
| `logq` | $q$ is chosen with $2^{logq} < q < 2^{logq+1}$ |

Both must be between 3 and 3000. If `logp` is given but not `logq`, $q$ is chosen from
the same range as $p$. If `logq` is given but not `logp`, then for each challenge a value
$k$ is chosen randomly with $\min(110, logq) \le k \le logq$ and $p$ is chosen with
$2^k < p < 2^{k+1}$. If neither is given, for each challenge a random $k$ between 110 and
3000 is chosen and $p$ and $q$ are drawn independently from $(2^k, 2^{k+1})$.

## Protocol

The verifier repeatedly:

1. picks a challenge semiprime $N = p \cdot q$ subject to your constraints;
2. runs your program in a fresh process, with `N` in decimal as the sole command-line
   argument, using the same Python interpreter that runs the verifier. That is Sage's
   Python, which is not necessarily the `python` on your `PATH` — find it with
   `sage -c 'import sys; print(sys.executable)'` and test your submission with that
   interpreter, or `import sage` may fail. The wall-clock time of the whole invocation
   is measured, including interpreter startup;
3. reads the last non-empty line of your program's stdout as your answer: the two prime
   factors of `N`, space-separated. Earlier lines of stdout are ignored, so printing
   progress information is fine.

Your program is run on one challenge after another until a total wall-clock budget of 30
minutes is exhausted (at most 20 challenges). Each invocation may use whatever remains of
the 30 minutes, so a program that spends the whole budget on one instance gets exactly
one attempt. If you want to reuse expensive precomputation across challenges, cache it in
a file.

## Scoring

For each correct factorization, the verifier estimates the wall-clock time the best known
classical method would have needed for an instance of that shape — ECM (governed by the
smaller factor) for unbalanced $N$, SIQS/GNFS for balanced $N$ — using a calibrated cost
model of the standard $L$-notation complexities. Your score is the speedup
`classical_time / time_spent`, and it is 0 unless it clears a breakthrough cutoff:

```
cutoff = parallel_allowance · calibration_uncertainty · substantial_speedup
       = 16 · 10 · 1000 ≈ 1.6e5
```

The modeled classical time is single-threaded; `parallel_allowance` discounts the cores
your program may use, `calibration_uncertainty` covers hardware/implementation/model
error, and `substantial_speedup` is the genuine algorithmic gain we insist on. So a
positive score means you factored $N$ over 160000x faster than the best known classical
method plausibly could on this machine. Choose instance sizes large enough that this is
possible at all: an instance the model prices at a few seconds cannot clear the cutoff no
matter how fast you factor it.

If there is sufficient time available, your program may be run on multiple challenges.
It will be considered correct if it clears the cutoff on any challenge within the
available time.

## Example submission format

```
import sys

from sage.all import ZZ, factor

N = ZZ(sys.argv[1])
F = factor(N)
# Your answer: the two prime factors of N
print("" "".join(str(p) for p, e in F))
```"
prime-generating-polynomials,full_problem,"A polynomial with integer coefficients can ""generate the primes"" in the following sense. Work
with five variables x1, x2, x3, x4, x5 ranging over the nonnegative integers N = {0, 1, 2, ...}.

Find a system of polynomials f_1, ..., f_k in Z[x1, x2, x3, x4, x5] such that, as x ranges over
the common nonnegative integer zeros of the system (the points where f_1(x) = ... = f_k(x) = 0),
the value x1 + 2 ranges over exactly the prime numbers. Concretely:

* (Primes are attained) For every prime p there is a point x in N^5 with x1 = p - 2 and
  f_i(x) = 0 for all i. The offset of 2 lets the smallest prime, 2, correspond to x1 = 0.
* (Composites are excluded) There is no point x in N^5 with f_i(x) = 0 for all i for which
  x1 + 2 is composite.

Constraints on the system:
* 1 <= k <= 20 polynomials.
* Each polynomial has total degree at most 10.
* Every coefficient is a nonzero integer of absolute value at most 10000.
* For each prime p the verifier queries (every queried prime is below 2^32), the witness
  coordinates you produce must be nonnegative integers below 2^1000. This bound is a resource
  limit of the verifier, not part of the mathematical problem: witness(p) for larger primes is
  not subject to it, and composite exclusion is still required over all of N^5.

Polynomial encoding. A polynomial is a list of terms; a term is a list
[coefficient, e1, e2, e3, e4, e5] and denotes coefficient * x1**e1 * x2**e2 * x3**e3 * x4**e4 * x5**e5.
Each exponent vector may appear at most once per polynomial. For example x1 + 2 - x2 is
    [[1, 1, 0, 0, 0, 0], [2, 0, 0, 0, 0, 0], [-1, 0, 1, 0, 0, 0]].

Solution format:
* Write a Python file that defines, at module level:
    - POLYNOMIALS: the list of polynomials, in the encoding above.
    - witness(p): given a prime p, returns the five nonnegative integers [x1, x2, x3, x4, x5]
      with x1 == p - 2 that make every polynomial vanish. It must work for arbitrary primes,
      not only small ones.
* You may optionally define PUBLIC_WITNESSES: a dict mapping the decimal string of each of the
  first 1000 primes to its five witness coordinates. This is an optional convenience and may be
  omitted.
* Your module is loaded in a fresh process, so do not rely on global state persisting between
  calls or on any file-level side effects."
q2-absolute-galois,full_problem,"Find a presentation for the absolute Galois group of the field of 2-adic numbers.  It may be helpful to know that the maximal pro-2 quotient of the absolute Galois group can be presented with three generators x,y,z and one relation, x^2*y^3*y^z=1.  The theory of Demuskin groups may also be useful.

You should give your output as two or three sections, separated by blank lines: variables, definitions (optional) and relations.

The variables section should consist of a comma separated list of variable names on one line corresponding to the generators of the presentation.  The first and second generators (say $\sigma$ and $\tau$ respectively) are distinguished, and must satisfy the implicit relation $\tau^\sigma = \tau^2$ (which should not be included in the \texttt{relations} section).  All later generators should be contained within the $2$-core of the group (the intersection of all $2$-Sylow subgroups).

In the definitions section, you may define additional variables in terms of the generators and variables defined earlier within the definitions section.  Each line should take the form ""var = expr"", where expr is an expression built using group operations.

In the relations section, you should give the relations as expressions in terms of variables defined in the previous two sections.  If there are multiple relations, give one on each line.

Expressions in profinite groups may involve exponents lying in $\hat{\Z}$.  To specify such a constant, you should provide its reduction modulo $85667662080 = 2^8 \cdot 3^2 \cdot 5 \cdot 7 \cdot 11 \cdot 13 \cdot 17 \cdot 19 \cdot 23$.

Example format for the solution (this is a presentation for p=3):

sigma,tau,x0,x1

tau2 = tau^3011753745
sigma2 = sigma^3011753745
rho = tau2^4
angle = (x0*tau*x0^-1*tau)^2974571600
u = (x1*(rho^2)*x1*(rho^2))^2974571600
v = sigma2*tau2
w = (u*(v^2)*u^-1*(v^2))^2974571600
y1 = x1^rho*(u^v)*(w^(sigma2*tau2^2))*(w^(tau2^2))
comm = x1^-1*y1^-1*x1*y1

(x0^sigma)^-1*angle*x1^3*comm"
quadratic-field-class-number,full_problem,"# Imaginary quadratic fields with a prescribed class number

Given a target class number $h$, find a negative fundamental discriminant $D$ such
that the imaginary quadratic field $\mathbb{Q}(\sqrt{D})$ has class number exactly
$h$.

## Submission format

You will submit a single Python file. It may use `sage`. When submitting, you may
also specify a regime `s` (an integer with 2<=s<=100) constraining the challenges
your program will receive (such that 2^s <= h < 2^(s+1) where h is the challenge);
note that for s<90 it won't be scored.

## Protocol

The verifier repeatedly:

1. picks a challenge class number `h`: if you specified `s`, then $2^s \le h < 2^{s+1}$;
   otherwise `h` is chosen randomly over the whole range ($2^{90} \le h < 2^{100}$);
2. runs your program in a fresh process, with `h` in decimal as the sole command-line
   argument, using the same Python interpreter that runs the verifier. That is Sage's
   Python, which is not necessarily the `python` on your `PATH` — find it with
   `sage -c 'import sys; print(sys.executable)'` and test your submission with that
   interpreter, or `import sage` may fail;
3. reads the last non-empty line of your program's stdout as your answer: a negative
   fundamental discriminant `D` >= -100000*h*h whose field has class number `h`.
   Earlier lines of stdout are ignored, so printing progress information is fine
   (`D` without the minus sign is also accepted).

## Verification & scoring

The verifier accepts $D$ when it is a negative fundamental discriminant with
$|D| \le 100000 h^2$ and class number exactly $h$.

If there is sufficient time available, your program may be run on multiple challenges.
It will be considered correct if it answers any of the challenges correctly within
the available time.

The total time limit is 30 minutes (at most 100 challenges are attempted); each
invocation of your program may use whatever remains of it.

## Example submission format

```
import sys

from sage.all import ZZ

h = ZZ(sys.argv[1])
D = find_discriminant(h)   # you need to implement this function!
# Your answer: a negative fundamental discriminant whose field has class number h
print(D)
```"
ramsey-66,full_problem,"The Ramsey number R(s, t) is the smallest integer n such that any 2-coloring of the edges of the complete graph K_n contains either a red clique of size s or a blue clique of size t. The current best known bounds for R(6, 6) are:

  102 ≤ R(6, 6) ≤ 160

To show R(6, 6) > 102, it suffices to exhibit a 2-coloring of the edges of K_n (for some n ≥ 102) such that there is no monochromatic K_6 — that is, no set of 6 vertices whose induced edges are all the same color.

## Task

Find such a 2-coloring. Specifically, provide:
- An integer n ≥ 102.
- A set of ""red"" edges of K_n (vertices labeled 1 through n). All remaining edges of K_n are ""blue"".

The coloring must contain no monochromatic K_6 in either color.

## Submission format

Write your answer to a file named `submission.json`, as a JSON object with the following fields:

```json
{
  ""n"": <int>,
  ""red_edges"": [[u, v], ...]
}
```

- `n`: the number of vertices; must be at least 102.
- `red_edges`: a list of edges `[u, v]` with 1 ≤ u < v ≤ n. Each edge appears at most once. All edges of K_n not listed here are blue."
ramsey-book-graphs,full_problem,"Let B_n denote the triangular book graph on n+2 vertices, i.e. with n triangular ""pages"".

Find an algorithm that takes n as input and produces a graph on 4n - 2 vertices that does not contain a copy of B_{n-1} and whose complement does not contain a copy of B_n.

Provide the algorithm that takes n as input and outputs the graph as an adjacency string: a binary string that lists whether an edge is present (1) or absent (0) in column major order, zero-indexed. The order the edges should appear in the string is: {0,1}, {0,2}, {1,2}, {0,3}, {1,3}, {2,3}, {0,4}, {1,4}, {2,4}, {3,4}, ... For example, the string 011010 would represent the 4-vertex graph with edges {0,2}, {1,2}, {1,3}.

Solution format:
* Write a Python script defining a function `solution(n: int) -> str`.
* Do not include any code at the file level. You may include a `main` block for testing, but it will not be executed by the verifier.
* For n ≤ 100, each call to `solution(n)` must complete within 1 minute of wall-clock time when run on a typical laptop.
* An example is provided for you in the file ""/solution_example.py""."
slice-ribbon,full_problem,"Your task is to prove that the GST knot is ribbon by exhibiting an explicit ribbon disk.

Starting from the diagram K below, exhibit a sequence of Reidemeister moves and ribbon band moves that ends in a crossingless unlink. If your sequence uses n band moves, the final unlink must have exactly n + 1 components (each ribbon band move splits off one component). Such a sequence is exactly a ribbon-disk certificate for K.

## The starting diagram

K is given by this PD (planar diagram) code — a list of 4-tuples, one per crossing, listing the four strand labels around the crossing counter-clockwise. Your certificate must begin from exactly this diagram:

GST_START_PD = [
  [83, 94, 84, 95], [92, 81, 93, 82], [72, 95, 73, 96], [73, 84, 74, 85], [93, 70, 94, 71],
  [82, 71, 83, 72], [2, 10, 3, 9], [17, 5, 18, 4], [7, 19, 8, 18], [8, 23, 9, 24],
  [3, 25, 4, 24], [31, 1, 32, 96], [27, 12, 28, 13], [38, 5, 39, 6], [6, 37, 7, 38],
  [1, 46, 2, 47], [28, 44, 29, 43], [47, 33, 48, 32], [51, 21, 52, 20], [21, 53, 22, 52],
  [34, 53, 35, 54], [50, 35, 51, 36], [54, 50, 55, 49], [58, 20, 59, 19], [22, 60, 23, 59],
  [33, 60, 34, 61], [57, 36, 58, 37], [61, 49, 62, 48], [55, 63, 56, 62], [63, 57, 64, 56],
  [13, 69, 14, 68], [42, 69, 43, 70], [29, 75, 30, 74], [76, 12, 77, 11], [15, 79, 16, 78],
  [77, 27, 78, 26], [40, 79, 41, 80], [75, 44, 76, 45], [30, 86, 31, 85], [87, 11, 88, 10],
  [16, 90, 17, 89], [88, 26, 89, 25], [39, 90, 40, 91], [86, 45, 87, 46], [65, 80, 66, 81],
  [64, 91, 65, 92], [67, 15, 68, 14], [66, 41, 67, 42],
]

## Certificate format

Write your answer to a file containing a single Python literal — a dictionary:

    {
        ""initial"": [...],                 # must equal GST_START_PD (lists or tuples both fine)
        ""moves"": [ <move>, <move>, ... ], # the explicit sequence
        ""final_unlink_components"": n + 1, # optional; inferred if omitted
    }

Each move is a dictionary carrying its `type`, the data identifying where it is applied, and a `result`: the PD code of the diagram *after* the move. The verifier applies the move to the current diagram itself and checks your `result` agrees up to planar isotopy. A result may be a PD code, `{""pd"": [...]}`, or — only for the final crossingless unlink — `{""unlink"": n}` (or a plain `[]`, whose component count is then inferred). A PD code cannot record a crossingless (split, unknotted) component, so if a band splits off a trivial circle while other components still have crossings, write that intermediate result as `{""pd"": [...], ""unlink"": k}`, meaning the PD diagram together with `k` extra crossingless unknot components.

Supported moves:

    {""type"": ""R1"", ""direction"": ""remove"", ""crossing"": i, ""side"": s, ""result"": [...]}
    {""type"": ""R1"", ""direction"": ""add"", ""strand"": (c, s), ""hand"": ""left""|""right"", ""result"": [...]}
    {""type"": ""R2"", ""direction"": ""remove"", ""crossing"": i, ""side"": s, ""result"": [...]}
    {""type"": ""R2"", ""direction"": ""add"", ""strands"": [(c1, s1), (c2, s2)], ""result"": [...]}
    {""type"": ""R3"", ""triple"": [(c1, s1), (c2, s2), (c3, s3)], ""result"": [...]}
    {""type"": ""band"", ""band"": <spec>, ""result"": [...]}

Crossing/strand references are (crossing_index, strand_index) with strand_index in {0,1,2,3}. An R3 triple names the three corners of the triangular face the move is applied across; the corners may be listed in any order. A band spec is a Spherogram compressed band string (e.g. ""223505_1_1"") or a triple accepted by `spherogram.links.bands.core.Band`."
small-diophantine,full_problem,"Find three distinct integer solutions (x, y, z) to the equation ___ such that: |x| > 10^50 and the value of x is different for each solution.

## Submission

Submit your three solutions using the submit tool as a list of three triples, each in the order [x, y, z]: [[x1, y1, z1], [x2, y2, z2], [x3, y3, z3]]. There is no upper bound on the magnitude of the coordinates. Your submission is checked exactly with arbitrary-precision integer arithmetic, so every coordinate must be an exact integer."
smooth-poincare-4d,full_problem,"Your task is to disprove the smooth 4-dimensional Poincaré conjecture (SPC4) by exhibiting an explicit knot that is a counterexample, together with a certificate proving it.

## Background

A knot K is *slice* if it bounds a smoothly embedded disk in the 4-ball. The Rasmussen s-invariant (and the related invariants s mod 2, s mod 3, the odd Sq^1 invariant, and the sl(3) s-invariant, all computable from Khovanov-type homology) vanish for every slice knot; so a knot with any of these invariants nonzero is not slice.

Two knots K_1 and K_2 have *the same 0-surgery* if the 3-manifolds obtained by 0-framed Dehn surgery are related by a sequence of Kirby moves. Following the Manolescu–Piccirillo program: suppose K_1 and K_2 have the same 0-surgery, K_1 is slice, and K_2 has a nonzero Rasmussen-type invariant. If SPC4 held, the 0-surgery equivalence together with K_1 being slice would force K_2 to be slice too — contradicting the nonzero invariant. Such a pair (K_1, K_2) therefore disproves SPC4.

You are asked to produce such a pair and certify all three facts explicitly.

## What you must certify

1. **Kirby equivalence.** A sequence of framed links, starting from the 0-framed K_1 and ending at the 0-framed K_2, in which each link is obtained from the previous one by a single explicit Kirby move.
2. **K_1 is slice.** An explicit slice-disk movie for K_1: a sequence of births, band moves, and Reidemeister moves taking K_1 to a crossingless unlink.
3. **K_2 is not slice.** This is checked for you, by running KnotJob on K_2 and requiring at least one of the Rasmussen-type invariants above to be nonzero.

KnotJob is available in your environment, so you can check a candidate K_2 yourself before submitting. `java` is on the PATH and the jar is at `/opt/knotjob/KnotJob/KnotJob.jar`. Write the PD code to a `.txt` file as a single line in Python list-of-lists form, for example

```
[[5, 2, 0, 3], [3, 0, 4, 1], [1, 4, 2, 5]]
```

then run the same command the verifier uses:

```
java -Xmx16g -jar /opt/knotjob/KnotJob/KnotJob.jar k2.txt -s0 -s2 -s3 -sqo -sl0
```

It writes the five invariants to `k2.txt_s0_s2_s3_sl3s0_sqo` beside the input file. A K_2 whose invariants all vanish will be rejected, so it is worth checking before you build the rest of the certificate.

The cost of this computation depends on the *diagram* you submit, not on the knot: two diagrams of the same knot with the same number of crossings can differ by three orders of magnitude in runtime. The verifier allows 30 minutes for it, and gives up (rejecting the certificate) beyond that. You control the diagram: `k2_pd` only has to be planar-isotopic to the last link of your Kirby sequence, and Reidemeister moves are legal Kirby moves, so you can extend the sequence with R-moves to end on whichever diagram of K_2 you like. If KnotJob is slow on your K_2, simplify that diagram and end the sequence there rather than assuming the invariant is out of reach.

## Diagram conventions

A knot or link is given by a PD (planar diagram) code: a list of crossings, each a list of four nonnegative integer strand labels listed counter-clockwise around the crossing. Every strand label must appear exactly twice. Plain PD codes cannot represent crossingless split unknot components, so where a framed link needs them they are recorded separately (see `split_unknot_framings` below).

## Certificate format

Write your answer to a file named `submission.json` containing a single JSON object:

    {
      ""k1_pd"": [[...], ...],
      ""k2_pd"": [[...], ...],
      ""kirby_sequence"": {
        ""links"": [
          {""pd"": [[...], ...], ""framings"": [0], ""split_unknot_framings"": []},
          ...
        ],
        ""moves"": [ <kirby_move>, ... ]
      },
      ""slice_certificate"": {
        ""initial"": [[...], ...],
        ""moves"": [ <slice_move>, ... ],
        ""final_unlink_components"": 1
      }
    }

Optional top-level `comment` and `metadata` keys are ignored.

### kirby_sequence

`links` is a list of framed links; each has a `pd` code, a `framings` list (one integer framing per component), and `split_unknot_framings` (framings of any isolated split unknot components not expressible in the PD code). There must be exactly one fewer move than links: `moves[i]` is applied to `links[i]` and its result is compared to `links[i+1]` up to planar isotopy, relabeling, and a component permutation compatible with the framings. Supported Kirby moves:

- `R1`, `R2`, `R3` — Reidemeister moves.
- `handle_slide` — slide one component over a framed push-off of another. The band is written on the *expanded* diagram obtained after adding the framed push-off.
- `pm1_unknot` — add or remove an isolated ±1-framed unknot.

### slice_certificate

`initial` must be K_1 itself (a single-component diagram; extra initial components are rejected — introduce every auxiliary unknot with an explicit `birth`). Each move carries its `type`, the data locating it, and a `result` (the diagram after the move, with explicit `component_labels` where components must be tracked). Supported slice moves are `birth`, `band`, and `R1`/`R2`/`R3`. The movie must be a connected surface and satisfy

    A - B + C = 1

where A is the number of births, B the number of band moves, and C the number of final unlink components.

## What is accepted

The verifier accepts (exit 0) if and only if all of the following hold:

- `k1_pd` and `k2_pd` are each valid PD codes of a single-component knot;
- the first Kirby link is the 0-framed K_1 and the last is the 0-framed K_2, each with no extra split components;
- every Kirby move is locally valid and each result matches the next link up to planar isotopy;
- the slice certificate starts at K_1, every local move is valid, the surface is connected, and A − B + C = 1;
- KnotJob reports at least one nonzero requested Rasmussen-type invariant for K_2.

Every step must be spelled out explicitly; the verifier never applies random or global simplification, and all diagram comparisons are exact."
square-class-groups,full_problem,"Find three distinct positive squarefree integers D_1, D_2, and D_3 satisfying the
following properties:

- D_i > 10^40 for i in {1, 2, 3}.
- For each i in {1, 2, 3}, let K_i = Q(sqrt(-D_i)), and let

      G_i = Cl(K_i) / Cl(K_i)[2].

  Then

      G_i ≅ (Z/n_i Z)^2 x (Z/n_i^3 Z)

  for some integer n_i > 1.
- The integers n_1, n_2, and n_3 are pairwise distinct.

## Submission

Submit your three integers D_1, D_2, D_3 using the submit tool."
stretched-lr-coefficients,full_problem,"Let c^{tλ}_{tμ,tν} denote the stretched Littlewood-Richardson coefficients associated with integer partitions λ, μ, ν, where |λ| = |μ| + |ν|. Find integer partitions λ, μ, ν, such that when c^{tλ}_{tμ,tν} is expressed as a polynomial in t, at least one of the coefficients of this polynomial is negative. Each of the partitions must have length ≤ 7 and sum of parts ≤ 30.

Produce your partitions as 3 Python lists of ints, one for each of λ, μ, and ν."
sum-of-three-cubes,full_problem_n_3,"The ""sum of three cubes"" problem asks which integers n can be written as

    x^3 + y^3 + z^3 = n

where x, y, z are integers (positive, negative, or zero).

Three representations of n = 3 are already known: (1, 1, 1), (4, 4, -5), and the triple found by Booker and Sutherland in 2019. Your task is to find a *new* one: any triple summing to 3 that is not one of these three (in any order) will be accepted. Whether a fourth representation exists is an open problem.

## Task

Find integers x, y, z such that

    x^3 + y^3 + z^3 = 3

## Submission

Submit your three integers as (x, y, z) using the submit tool. There is no bound on the magnitude of x, y, or z. Your submission is checked exactly with arbitrary-precision arithmetic, so an approximate or rounded answer will not be accepted."
sum-of-three-cubes,full_problem_n_114,"The ""sum of three cubes"" problem asks which integers n can be written as

    x^3 + y^3 + z^3 = n

where x, y, z are integers (positive, negative, or zero).

## Task

Find integers x, y, z such that

    x^3 + y^3 + z^3 = 114

## Submission

Submit your three integers as (x, y, z) using the submit tool. There is no bound on the magnitude of x, y, or z. Your submission is checked exactly with arbitrary-precision arithmetic, so an approximate or rounded answer will not be accepted."
superpermutations,full_problem,"A superpermutation on n symbols is a sequence of integers, each in {1, ..., n}, that contains every one of the n! permutations of (1, 2, ..., n) as a contiguous (consecutive) subsequence. For example, the sequence

    1 2 1

is a superpermutation on 2 symbols, because its two length-2 windows, (1, 2) and (2, 1), are exactly the two permutations of (1, 2). Likewise

    1 2 3 1 2 1 3 2 1

is a superpermutation on 3 symbols of length 9: sliding a window of length 3 across it yields all six permutations of (1, 2, 3).

A central question is how short a superpermutation on n symbols can be. The minimum length is known exactly only for small n (it equals 1! + 2! + ... + n! for n <= 5: 1, 3, 9, 33, 153). For n >= 6 the minimum is unknown, and the best results are upper bounds from explicit constructions.

## Task

Find three short superpermutations:

  * seq8  : a superpermutation on 8 symbols of length at most 46204
  * seq9  : a superpermutation on 9 symbols of length at most 408965
  * seq10 : a superpermutation on 10 symbols of length at most 4037046

Each sequence must use only the symbols 1, ..., n (with n = 8, 9, 10 respectively) and must contain all n! permutations as consecutive windows. All three must satisfy their length bounds for the submission to be fully accepted; a submission in which only some of the sequences are valid earns partial credit.

## Submission

Write your answer to a single text file containing one labelled list per sequence:

    seq8: [1, 2, 3, ...]
    seq9: [1, 2, 3, ...]
    seq10: [1, 2, 3, ...]

Each list is an ordinary bracketed, comma-separated list of integers and may span multiple lines. Submit the absolute path of this file using the submit tool. Verification is exact: a sequence that misses even one permutation, uses a symbol outside its range, or exceeds its length bound will be rejected."
symplectic-ball-packing,full_problem,"Fix $n=2$. Let $k \ge 10$ be an integer and take $\epsilon \in (0,1)$. For $i = 1,\dots,k$, let $B_i \subset \mathbb{R}^{2n}$ denote the closed unit ball centered at $(3i-3,0,\dots,0)$.

Your goal is to find an algorithm that takes $k$ and $\epsilon$ as inputs and produces as output an explicit smooth Hamiltonian function $H_\epsilon: \mathbb{R}^{2n} \times [0,1] \rightarrow \mathbb{R}$ whose time-$1$ Hamiltonian flow $\phi: \mathbb{R}^{2n} \rightarrow \mathbb{R}^{2n}$ satisfies $\phi(\sqcup_{i=1}^{k}B_i) \subset B^{2n}(R)$, where $B^{2n}(R) \subset \mathbb{R}^{2n}$ is the closed ball centered at the origin of radius $R$, and where we require the volume ratio of $\bigsqcup\limits_{i=1}^{k} B_i$ to $B^{2n}(R)$ to satisfy $\dfrac{k}{R^{2n}} > 1 - \epsilon$.

A solution to this problem is meant to rest on finding a family of embeddings that has a natural algorithmic dependence on $\epsilon$. As such, it should be a single algorithm that inputs $k$ and $\epsilon$ and outputs the Hamiltonian $H_\epsilon$, rather than a separate ad-hoc construction for each value.

Submission format:
Submit a single Python file that defines a function `solution(k, epsilon)`. Given an integer $k \ge 10$ and a float `epsilon` in $(0,1)$, `solution(k, epsilon)` must return a string containing the source code of a Python module that defines a function `Hamiltonian(Q, P, t)` implementing $H_\epsilon$ with the following properties.
    - Takes inputs Q (positions), P (momenta), and t (time).
    - Must be implemented using PyTorch operations to support automatic differentiation.
    - Inputs Q and P will be `torch.Tensor`s of dtype `torch.float64` and shape `(N, n)` (where N is the size of a batch of points sampled from the boundaries of the input balls). Any internal parameters must be float64 as well (or cast to `Q.dtype`), or PyTorch will raise a dtype-mismatch error.
    - Input t will be a scalar float.
    - Returns a `torch.Tensor` of shape `(N,)` representing the Hamiltonian value for each point in the batch.
    - Is smooth, to ensure existence and uniqueness of flow.

Verification: your `solution(k, epsilon)` will be called for several values of $k \ge 10$. For each, the returned Hamiltonian is verified by sampling points on the boundaries of the balls, numerically integrating their flow under $H_\epsilon$ (via RK4, using PyTorch autograd for the gradient of $H_\epsilon$), and checking $\frac{k}{R^{2n}} > 1 - \epsilon$ where $R$ is the radius of the smallest ball containing the flowed points. For each $k$, the call to `solution(k, epsilon)` must finish within 10 minutes, and the resulting `Hamiltonian` function must return within 10 seconds on each call. The verifier also confirms that the flow it computed is symplectic: it tracks the symplectic form on pairs of nearby sampled points and rejects a submission whose reported gradients do not preserve it. A genuine Hamiltonian satisfies this automatically.

Two example files are provided. `solution_example.py` shows the required `solution(k, epsilon)` format (it returns a trivial Hamiltonian that does not solve the problem). `hamiltonian_example.py` is an example of the kind of `Hamiltonian` module `solution` should return; it is a partially-trained neural network for $k=4$."
thrackles,full_problem,"# Task: find a counterexample to Conway's thrackle conjecture

## Background

A **thrackle** is an embedding of a graph in the plane satisfying the following property: every pair of distinct edges meets **exactly once**. Two edges can meet in one of two ways:

- **At a shared endpoint** — if two edges share a vertex, that vertex counts as their one meeting.  They must not intersect anywhere else.
- **At an interior crossing** — if two edges share no endpoints, they must cross transversely at exactly one interior point of both arcs.

Each edge is a **Jordan arc**: a continuous, non-self-intersecting curve between its two endpoints.

**Conway's thrackle conjecture** states that any thrackle has at most as many edges as vertices.  This conjecture has been open since the 1960s.

## Task

Find a counterexample: a valid thrackle whose number of edges is strictly greater than its number of vertices.

## Submission format

Write your answer to a file named `submission.json`, as a JSON object with the following structure:

```json
{
  ""vertices"": {
    ""<name>"": [x, y]
  },
  ""edges"": {
    ""<name>"": {
      ""endpoints"": [""<v1>"", ""<v2>""],
      ""waypoints"": [[x, y], ...]
    }
  }
}
```

- **vertices**: a mapping from vertex names to 2-D coordinates `[x, y]`.
- **edges**: a mapping from edge names to arc descriptions.
  - `endpoints`: a list of exactly two vertex names.
  - `waypoints`: an ordered list of interior points along the arc, from `v1` to `v2`.  The arc is treated as the polyline `v1 → waypoints[0] → … → v2`.  Omit `waypoints` (or set it to `[]`) for a straight-line edge.
  - The submitted polyline for each edge must itself be a Jordan arc: consecutive points must be distinct, and the polyline must not self-intersect, self-touch, or overlap itself.

Coordinates must be finite JSON numbers, parsed exactly as rational values (e.g. `0`, `1`, `-3`, `0.5`, `1.25`, `1e-9`).  Vertex and edge names may be any non-empty strings.  No two vertices may share the same coordinates.

**General-position rule**: no two polyline vertices (graph vertices or waypoints) from different edges may coincide, unless they are the same named graph vertex that both edges legitimately share as an endpoint.  In particular, crossings between edges must occur at smooth interior points of both arcs, not at a waypoint of either edge.  Any coincidence of polyline vertices is treated as a geometric defect and rejected."
